# Location,Sagehen
# Site,Tower 4
# PitID,CASHT4
# Date/Local Time,2020-02-12T10:50
# UTM Zone,10N
# Easting,732507
# Northing,4367108
# Latitude,39.42216
# Longitude,-120.29898
"# Top
(cm)","Bottom
(cm)",Avg Density (kg/m3),Permittivity A,Permittivity B,LWC-vol A (%),LWC-vol B (%)
105.0,95.0,345.5,1.522,1.532,0.0,0.0
95.0,85.0,352.5,1.527,1.522,0.0,0.0
85.0,75.0,360.0,1.484,1.425,0.0,0.0
75.0,65.0,387.0,1.608,1.586,0.0,0.0
65.0,55.0,370.5,1.615,1.565,0.1792446967387318,0.0
55.0,45.0,401.0,1.6,1.623,0.0,0.0
45.0,35.0,394.5,1.672,1.672,0.2319631036970955,0.2319631036970955
35.0,25.0,387.0,1.573,1.611,0.0,0.0
25.0,15.0,394.0,1.761,1.758,0.6974255397273852,0.6819113049543705
15.0,5.0,397.0,1.849,1.663,1.122045683402679,0.1598220843054855
