# Location,Boise River Basin
# Site,Bogus Upper
# PitID,IDBRBU
# Date/Local Time,2019-12-19T10:00
# UTM Zone,11N
# Easting,573240
# Northing,4845491
# Latitude,43.75884
# Longitude,-116.09017
"# Top
(cm)","Bottom
(cm)",Avg Density (kg/m3),Permittivity A,Permittivity B,LWC-vol A (%),LWC-vol B (%)
57.0,47.0,181.33333333333334,1.263,1.235,0.06440297010969567,0.0
47.0,37.0,234.5,1.328,1.235,0.0,0.0
37.0,27.0,250.5,1.276,1.27,0.0,0.0
27.0,17.0,291.0,1.448,1.361,0.07669783997113958,0.0
17.0,7.0,266.5,1.461,1.387,0.3619024714925442,0.0
