# Location,Grand Mesa
# Site,County Line Open
# PitID,COGMCO
# Date/Local Time,2019-12-19T12:20
# UTM Zone,12N
# Easting,756903
# Northing,4324357
# Latitude,39.03053
# Longitude,-108.03217
"# Top
(cm)","Bottom
(cm)",Avg Density (kg/m3),Permittivity A,Permittivity B,LWC-vol A (%),LWC-vol B (%)
61.0,51.0,195.0,1.212,1.194,0.0,0.0
51.0,41.0,218.5,1.253,1.276,0.0,0.0
41.0,31.0,254.0,1.32,1.348,0.0,0.0
31.0,21.0,283.0,1.371,1.313,0.0,0.0
21.0,11.0,280.0,1.389,1.321,0.0,0.0
11.0,1.0,206.0,1.388,1.326,0.500931755185688,0.18620782721990398
