# Location,Fraser
# Site,JPL #1
# PitID,COFEJ1
# Date/Local Time,2020-03-11T10:15
# UTM Zone,13N
# Easting,424539
# Northing,4417649
# Latitude,39.90557
# Longitude,-105.88281
"# Top
(cm)","Bottom
(cm)",Avg Density (kg/m3),Permittivity A,Permittivity B,LWC-vol A (%),LWC-vol B (%)
102.0,92.0,221.0,1.315,NaN,0.006851719279038011,NaN
92.0,82.0,268.5,2.17,NaN,3.9593661901246557,NaN
82.0,72.0,303.0,2.06,NaN,3.1001405713076142,NaN
72.0,62.0,340.0,2.31,NaN,4.045757152554557,NaN
62.0,52.0,299.5,2.36,NaN,4.662857244742599,NaN
52.0,42.0,268.0,1.73,NaN,1.7217647683937207,NaN
42.0,32.0,276.5,2.07,NaN,3.3821946122714537,NaN
32.0,22.0,245.5,1.61,NaN,1.3025302605379325,NaN
22.0,12.0,270.5,2.06,NaN,3.3823948509186996,NaN
