# Location,Sagehen
# Site,Tower 4
# PitID,CASHT4
# Date/Local Time,2020-02-26T12:01
# UTM Zone,10N
# Easting,732507
# Northing,4367108
# Latitude,39.42216
# Longitude,-120.29898
"# Top
(cm)","Bottom
(cm)",Avg Density (kg/m3),Permittivity A,Permittivity B,LWC-vol A (%),LWC-vol B (%)
92.0,82.0,442.0,NaN,NaN,NaN,NaN
82.0,72.0,392.0,1.906,1.703,1.467098282239342,0.41778454860179765
72.0,62.0,384.0,1.638,1.519,0.16274545139923619,0.0
62.0,52.0,400.5,1.74,1.736,0.5225002213238736,0.5017971631990962
52.0,42.0,432.0,1.713,1.69,0.05342827721300294,0.0
42.0,32.0,394.0,1.729,1.756,0.5319277577312408,0.6715683458961581
32.0,22.0,428.3333333333333,1.627,1.683,0.0,0.0
22.0,12.0,425.0,1.609,1.642,0.0,0.0
12.0,2.0,445.0,1.506,1.659,0.0,0.0
