# Location,Jemez River
# Site,HQ Met Station
# PitID,NMJRHQ
# Date/Local Time,2020-01-22T11:15
# UTM Zone,13N
# Easting,362632
# Northing,3969260
# Latitude,35.85793
# Longitude,-106.52137
"# Top
(cm)","Bottom
(cm)",Avg Density (kg/m3),Permittivity A,Permittivity B,LWC-vol A (%),LWC-vol B (%)
72.0,62.0,210.5,1.286,1.314,0.0,0.08850371753787116
62.0,52.0,181.66666666666666,1.119,1.096,0.0,0.0
52.0,42.0,246.5,1.151,1.147,0.0,0.0
42.0,32.0,268.0,1.179,1.216,0.0,0.0
32.0,22.0,275.0,1.175,1.255,0.0,0.0
22.0,12.0,307.3333333333333,1.409,1.556,0.0,0.4807386625423289
12.0,2.0,NaN,1.234,1.14,NaN,NaN
