# Location,American
# Site,Caples Lake
# PitID,CAAMCL
# Date/Local Time,2020-03-06T11:45
# UTM Zone,10N
# Easting,757217
# Northing,4288782
# Latitude,38.71029
# Longitude,-120.04186
"# Top
(cm)","Bottom
(cm)",Avg Density (kg/m3),Permittivity A,Permittivity B,LWC-vol A (%),LWC-vol B (%)
113.0,103.0,357.0,1.954,2.046,2.058065353151102,2.5312837513610393
103.0,93.0,349.5,1.678,1.735,0.7097927902692146,1.0031864902167094
93.0,83.0,416.0,1.757,1.625,0.45037713192330076,0.0
83.0,73.0,391.5,1.611,1.697,0.0,0.39183340879858103
73.0,63.0,383.0,1.743,1.729,0.7153650935065227,0.6430454175637557
63.0,53.0,408.3333333333333,1.931,1.981,1.4308135562710445,1.6895321936692225
53.0,43.0,432.0,1.884,1.997,0.9413423847179843,1.5276517459209251
43.0,33.0,420.5,1.734,1.692,0.2840303906689554,0.06613029083384454
33.0,23.0,431.5,1.936,1.873,1.2164505016553255,0.8895262374960489
23.0,13.0,429.5,2.062,1.929,1.8908281577220922,1.201142054483846
13.0,3.0,441.6666666666667,NaN,NaN,NaN,NaN
