# Location,Mammoth Lakes
# Site,Panorama Dome
# PitID,CAMLPD
# Date/Local Time,2020-01-29T10:30
# UTM Zone,11N
# Easting,323468
# Northing,4165496
# Latitude,37.61964
# Longitude,-119.00028
"# Top
(cm)","Bottom
(cm)",Avg Density (kg/m3),Permittivity A,Permittivity B,LWC-vol A (%),LWC-vol B (%)
107.0,97.0,375.0,1.52,1.321,0.0,0.0
97.0,87.0,373.5,1.542,1.673,0.0,0.4487880166025714
87.0,77.0,394.5,1.513,1.688,0.0,0.31474491478282013
77.0,67.0,431.5,1.595,1.667,0.0,0.0
67.0,57.0,428.0,1.633,1.627,0.0,0.0
57.0,47.0,413.0,1.659,1.672,0.0,0.04098533148819021
47.0,37.0,418.5,1.664,1.677,0.0,0.009328790559277819
37.0,27.0,430.5,1.645,1.647,0.0,0.0
27.0,17.0,422.5,1.649,1.667,0.0,0.0
17.0,7.0,427.0,1.614,1.655,0.0,0.0
7.0,0.0,NaN,1.626,1.645,NaN,NaN
