# Location,Boise River Basin
# Site,Mores Creek Summit
# PitID,IDBRMC
# Date/Local Time,2020-03-11T12:00
# UTM Zone,11N
# Easting,606192
# Northing,4866876
# Latitude,43.94735
# Longitude,-115.67666
# Depth (cm),Temperature (deg C)
240.0,0.0
230.0,0.0
220.0,-1.0
210.0,-1.0
200.0,0.0
190.0,0.0
180.0,0.0
170.0,0.0
160.0,0.0
150.0,0.0
140.0,0.0
130.0,0.0
120.0,0.0
110.0,0.0
100.0,0.0
90.0,0.0
80.0,0.0
70.0,0.0
60.0,0.0
50.0,0.0
40.0,0.0
30.0,0.0
20.0,0.0
10.0,0.0
0.0,1.0
