# Location,Sagehen
# Site,Tower 4
# PitID,CASHT4
# Date/Local Time,2020-02-19T12:30
# UTM Zone,10N
# Easting,732507
# Northing,4367108
# Latitude,39.42216
# Longitude,-120.29898
"# Top
(cm)","Bottom
(cm)",Avg Density (kg/m3),Permittivity A,Permittivity B,LWC-vol A (%),LWC-vol B (%)
107.0,97.0,432.0,2.057,2.189,1.8388241016974955,2.5230562757915727
97.0,87.0,315.0,NaN,NaN,NaN,NaN
87.0,77.0,341.0,1.483,1.526,0.0,0.009335993510724706
77.0,67.0,361.5,1.604,1.602,0.21153915844149013,0.20122533967210002
67.0,57.0,398.5,1.654,1.639,0.09785014717311526,0.020193693060881104
57.0,47.0,405.5,1.697,1.716,0.2484233009102845,0.3468343487233755
47.0,37.0,421.5,1.736,1.807,0.2839053379854077,0.6521878393718382
37.0,27.0,405.0,1.646,1.635,0.0,0.0
27.0,17.0,423.5,1.701,1.662,0.08122834952908274,0.0
17.0,7.0,444.5,1.65,1.725,0.0,0.0
7.0,0.0,NaN,1.738,1.697,NaN,NaN
