# Location,Grand Mesa
# Site,County Line Tree
# PitID,COGMCT
# Date/Local Time,2020-03-04T12:52
# UTM Zone,12N
# Easting,756712
# Northing,4324540
# Latitude,39.03224
# Longitude,-108.03431
"# Top
(cm)","Bottom
(cm)",Avg Density (kg/m3),Permittivity A,Permittivity B,LWC-vol A (%),LWC-vol B (%)
101.0,91.0,202.5,1.282,1.266,0.0,0.0
91.0,81.0,245.5,1.281,1.284,0.0,0.0
81.0,71.0,302.5,1.38,1.412,0.0,0.0
71.0,61.0,294.5,1.426,1.444,0.0,0.024361306077345653
61.0,51.0,305.0,1.409,1.424,0.0,0.0
51.0,41.0,297.5,1.443,1.438,0.0,0.0
41.0,31.0,313.0,1.457,1.422,0.0,0.0
31.0,21.0,327.5,1.449,1.463,0.0,0.0
21.0,11.0,316.0,1.349,1.398,0.0,0.0
11.0,1.0,308.5,1.343,1.227,0.0,0.0
