# Location,Grand Mesa
# Site,Skyway Open
# PitID,COGMSO
# Date/Local Time,2020-02-25T15:00
# UTM Zone,12N
# Easting,754270
# Northing,4325785
# Latitude,39.04415
# Longitude,-108.06202
"# Top
(cm)","Bottom
(cm)",Avg Density (kg/m3),Permittivity A,Permittivity B,LWC-vol A (%),LWC-vol B (%)
85.0,75.0,123.0,1.136,1.098,0.0,0.0
75.0,65.0,222.0,1.228,1.252,0.0,0.0
65.0,55.0,301.5,1.419,1.422,0.0,0.0
55.0,45.0,262.0,1.306,1.333,0.0,0.0
45.0,35.0,257.5,1.37,1.393,0.0,0.09343235295496824
35.0,25.0,263.5,1.395,1.331,0.051178893946990565,0.0
25.0,15.0,273.0,1.44,1.42,0.19726738363504076,0.09503997758380285
15.0,5.0,266.5,1.324,1.337,0.0,0.0
