# Location,Grand Mesa
# Site,Skyway Open
# PitID,COGMSO
# Date/Local Time,2019-12-19T16:00
# UTM Zone,12N
# Easting,754270
# Northing,4325785
# Latitude,39.04415
# Longitude,-108.06202
"# Top
(cm)","Bottom
(cm)",Avg Density (kg/m3),Permittivity A,Permittivity B,LWC-vol A (%),LWC-vol B (%)
57.0,47.0,206.5,1.305,1.298,0.07550810292449522,0.03996284590584755
47.0,37.0,243.0,1.347,1.359,0.0,0.045201257610896745
37.0,27.0,284.0,1.313,1.355,0.0,0.0
27.0,17.0,269.5,1.455,1.411,0.3048631560459556,0.08005237315357089
17.0,7.0,285.5,1.379,1.352,0.0,0.0
10.0,0.0,250.0,NaN,NaN,NaN,NaN
