# Location,East River
# Site,Irwin Barn
# PitID,COERIB
# Date/Local Time,2020-04-22T12:30
# UTM Zone,13N
# Easting,317172
# Northing,4306473
# Latitude,38.88812
# Longitude,-107.10796
# Depth (cm),Temperature (deg C)
211.0,-0.1
210.0,-0.1
200.0,-0.1
190.0,-0.1
180.0,-0.2
170.0,-0.7
160.0,-0.8
150.0,-0.8
140.0,-0.8
130.0,-0.8
120.0,-0.8
110.0,-0.7
100.0,-0.6
90.0,-0.5
80.0,-0.4
70.0,-0.2
60.0,-0.2
50.0,-0.2
40.0,-0.2
30.0,-0.2
20.0,-0.1
10.0,-0.1
0.0,0.0
