# Location,Sagehen
# Site,Forest
# PitID,CASHFO
# Date/Local Time,2020-03-11T09:23
# UTM Zone,10N
# Easting,737378
# Northing,4368076
# Latitude,39.42955
# Longitude,-120.24211
"# Top
(cm)","Bottom
(cm)",Avg Density (kg/m3),Permittivity A,Permittivity B,LWC-vol A (%),LWC-vol B (%)
37.0,27.0,389.0,2.051,1.776,2.2457455001775326,0.8255499051769054
27.0,17.0,395.0,1.614,1.621,0.0,0.0
17.0,7.0,399.0,2.008,1.97,1.923731861605133,1.7273450878106833
