# Location,Grand Mesa
# Site,Skyway Open
# PitID,COGMSO
# Date/Local Time,2020-03-04T15:50
# UTM Zone,12N
# Easting,754270
# Northing,4325785
# Latitude,39.04415
# Longitude,-108.06202
"# Top
(cm)","Bottom
(cm)",Avg Density (kg/m3),Permittivity A,Permittivity B,LWC-vol A (%),LWC-vol B (%)
98.0,88.0,204.5,1.219,1.255,0.0,0.0
88.0,78.0,316.0,1.463,1.482,0.0,0.02058604833384683
78.0,68.0,291.0,1.41,1.37,0.0,0.0
68.0,58.0,270.5,1.388,1.407,0.0,0.05076283111806147
58.0,48.0,273.0,1.409,1.393,0.038810429049358545,0.0
48.0,38.0,277.0,1.379,1.35,0.0,0.0
38.0,28.0,285.0,1.421,1.426,0.0,0.01835313181147146
28.0,18.0,305.0,1.47,1.406,0.06126668255654599,0.0
18.0,8.0,279.0,1.38,1.38,0.0,0.0
8.0,0.0,273.0,1.375,1.425,0.0,0.12059781329919708
