# Location,Sagehen
# Site,Tower 4
# PitID,CASHT4
# Date/Local Time,2020-03-11T11:45
# UTM Zone,10N
# Easting,732507
# Northing,4367108
# Latitude,39.42216
# Longitude,-120.29898
"# Top
(cm)","Bottom
(cm)",Avg Density (kg/m3),Permittivity A,Permittivity B,LWC-vol A (%),LWC-vol B (%)
77.0,67.0,455.6666666666667,2.352,2.212,3.12060817460274,2.393581104590986
67.0,57.0,421.0,1.744,1.695,0.3306581080338105,0.07643574118392346
57.0,47.0,426.0,1.638,1.802,0.0,0.5790262525050733
47.0,37.0,452.6666666666667,1.9,1.859,0.8038610448870251,0.5905630071960022
37.0,27.0,434.5,1.932,1.901,1.1640918223807242,1.0031801236328801
27.0,17.0,424.0,1.81,1.835,0.6415495497719744,0.7712280368509773
17.0,7.0,442.0,1.881,1.881,0.819624516469439,0.819624516469439
7.0,0.0,NaN,1.877,1.872,NaN,NaN
