# Location,East River
# Site,Irwin Barn
# PitID,COERIB
# Date/Local Time,2020-02-12T11:45
# UTM Zone,13N
# Easting,317172
# Northing,4306473
# Latitude,38.88812
# Longitude,-107.10796
# Depth (cm),Temperature (deg C)
193.0,-6.4
190.0,-4.9
180.0,-9.0
170.0,-8.9
160.0,-7.5
150.0,-6.6
140.0,-5.8
130.0,-5.3
120.0,-4.9
110.0,-4.5
100.0,-4.1
90.0,-3.7
80.0,-3.2
70.0,-2.7
60.0,-2.1
50.0,-1.8
40.0,-1.4
30.0,-1.0
20.0,-0.7
10.0,-0.5
0.0,0.0
