# Location,CB
# Site,Upper
# PitID,3
# Date/Local Time,2020-05-12T09:45
# UTM Zone,13N
# Easting,327517
# Northing,4311257
# Latitude,38.93329
# Longitude,-106.98996
# Top (cm),Bottom (cm),Density A (kg/m3),Density B (kg/m3),Density C (kg/m3)
70.0,60.0,396.0,357.0,420.0
60.0,50.0,400.0,435.0,396.0
50.0,40.0,435.0,434.0,NaN
40.0,30.0,413.0,406.0,NaN
30.0,20.0,394.0,452.0,425.0
20.0,10.0,412.0,381.0,377.0
10.0,0.0,402.0,402.0,NaN
