# Location,Mammoth Lakes
# Site,CUES Study Plot
# PitID,CAMLCP
# Date/Local Time,2020-02-06T13:35
# UTM Zone,11N
# Easting,320985
# Northing,4168170
# Latitude,37.64325
# Longitude,-119.02906
"# Top
(cm)","Bottom
(cm)",Avg Density (kg/m3),Permittivity A,Permittivity B,LWC-vol A (%),LWC-vol B (%)
74.0,64.0,328.0,1.643,1.576,0.7347661743500984,0.3905463187916042
64.0,54.0,353.0,1.495,1.507,0.0,0.0
54.0,44.0,335.5,1.462,1.441,0.0,0.0
44.0,34.0,393.5,1.478,1.489,0.0,0.0
34.0,24.0,407.5,1.59,1.593,0.0,0.0
24.0,14.0,417.5,1.629,1.614,0.0,0.0
14.0,4.0,423.5,1.647,1.649,0.0,0.0
