# Location,Grand Mesa
# Site,Skyway Open
# PitID,COGMSO
# Date/Local Time,2020-01-22T14:55
# UTM Zone,12N
# Easting,754270
# Northing,4325785
# Latitude,39.04415
# Longitude,-108.06202
"# Top
(cm)","Bottom
(cm)",Avg Density (kg/m3),Permittivity A,Permittivity B,LWC-vol A (%),LWC-vol B (%)
98.0,88.0,145.0,1.222,1.22,0.1364793067342756,0.126386221403943
88.0,78.0,201.66666666666666,1.291,1.277,0.04374481129214305,0.0
78.0,68.0,233.5,1.341,1.334,0.034306808311101625,0.0
68.0,58.0,245.0,1.358,1.333,0.022967391248242472,0.0
58.0,48.0,252.5,1.402,1.395,0.18273629078351805,0.14703091091579693
48.0,38.0,254.0,1.372,1.373,0.01669878432681168,0.02180106514413828
38.0,28.0,283.0,1.426,1.437,0.03636523010674677,0.09265147006861235
28.0,18.0,280.0,1.47,1.497,0.28834561878420456,0.4264204253202428
18.0,8.0,273.0,1.409,1.43,0.038810429049358545,0.14615499284607295
10.0,0.0,266.0,NaN,NaN,NaN,NaN
