# Location,Little Cottonwood
# Site,Atwater
# PitID,UTLCAW
# Date/Local Time,2020-01-24T11:00
# UTM Zone,12N
# Easting,446048
# Northing,4493579
# Latitude,40.59125
# Longitude,-111.63759
# Depth (cm),Temperature (deg C)
219.0,-1.6
210.0,-6.3
200.0,-5.5
190.0,-5.0
180.0,-4.5
170.0,-4.5
160.0,-4.0
150.0,-4.0
140.0,-3.5
130.0,-3.5
120.0,-3.5
110.0,-3.0
100.0,-3.0
90.0,-2.5
80.0,-2.0
70.0,-2.0
60.0,-2.0
50.0,-1.5
40.0,-1.5
30.0,-1.5
20.0,-1.0
10.0,-1.0
0.0,0.0
