# Location,NW
# Site,OF
# PitID,2
# Date/Local Time,2020-03-11T11:18
# UTM Zone,13N
# Easting,452907
# Northing,4431864
# Latitude,40.03569
# Longitude,-105.55199
# Top (cm),Bottom (cm),Density A (kg/m3),Density B (kg/m3),Density C (kg/m3)
95.0,85.0,286.0,298.0,NaN
85.0,75.0,362.0,366.0,NaN
75.0,65.0,429.0,365.0,362.0
65.0,55.0,250.0,309.0,270.0
55.0,45.0,308.0,272.0,318.0
45.0,35.0,311.0,323.0,NaN
35.0,25.0,308.0,332.0,NaN
25.0,15.0,314.0,329.0,NaN
15.0,5.0,298.0,318.0,NaN
5.0,0.0,NaN,NaN,NaN
