# Location,NW
# Site,FF
# PitID,1
# Date/Local Time,2020-03-11T09:45
# UTM Zone,13N
# Easting,453320
# Northing,453320
# Latitude,4.10115
# Longitude,-105.42057
# Top (cm),Bottom (cm),Density A (kg/m3),Density B (kg/m3),Density C (kg/m3)
106.0,96.0,191.0,171.0,NaN
96.0,86.0,242.0,249.0,NaN
86.0,76.0,305.0,287.0,NaN
76.0,66.0,310.0,317.0,NaN
66.0,56.0,309.0,310.0,NaN
56.0,46.0,272.0,273.0,NaN
46.0,36.0,279.0,281.0,NaN
36.0,26.0,306.0,304.0,NaN
26.0,16.0,317.0,297.0,NaN
16.0,6.0,270.0,289.0,NaN
