# Location,Boise River Basin
# Site,Banner Open
# PitID,IDBRBO
# Date/Local Time,2020-03-05T12:45
# UTM Zone,11N
# Easting,640699
# Northing,4907213
# Latitude,44.30455
# Longitude,-115.23604
"# Top
(cm)","Bottom
(cm)",Avg Density (kg/m3),Permittivity A,Permittivity B,LWC-vol A (%),LWC-vol B (%)
115.0,105.0,233.5,1.314,1.327,0.0,0.0
105.0,95.0,227.5,1.264,1.276,0.0,0.0
95.0,85.0,274.0,1.345,1.336,0.0,0.0
85.0,75.0,296.0,1.379,1.401,0.0,0.0
75.0,65.0,327.0,1.47,1.499,0.0,0.004290835561388245
65.0,55.0,353.0,1.529,1.532,0.0,0.0
55.0,45.0,369.5,1.586,1.645,0.0394989522584055,0.3440080289054892
45.0,35.0,379.0,1.659,1.754,0.32156620269606057,0.8121635673132883
35.0,25.0,378.5,1.73,1.754,0.693236783374413,0.817147202348901
25.0,15.0,338.0,1.738,1.73,1.1284430957028098,1.0873233294034026
15.0,5.0,343.3333333333333,1.467,1.661,0.0,0.6816304292161754
