# Location,Boise River Basin
# Site,LDP Open
# PitID,IDBRLO
# Date/Local Time,2020-03-04T12:10
# UTM Zone,11N
# Easting,570716
# Northing,4843040
# Latitude,43.73702
# Longitude,-116.12184
# Top (cm),Bottom (cm),Density A (kg/m3),Density B (kg/m3),Density C (kg/m3)
90.0,80.0,492.0,420.0,492.0
80.0,70.0,360.0,364.0,NaN
70.0,60.0,364.0,336.0,364.0
60.0,50.0,360.0,356.0,NaN
50.0,40.0,364.0,376.0,NaN
40.0,30.0,392.0,400.0,NaN
30.0,20.0,360.0,320.0,324.0
20.0,10.0,360.0,360.0,NaN
10.0,0.0,352.0,420.0,336.0
