# Location,CB
# Site,O6
# PitID,1
# Date/Local Time,2020-04-27T13:45
# UTM Zone,13N
# Easting,328369
# Northing,4310519
# Latitude,38.92682
# Longitude,-106.97995
# Top (cm),Bottom (cm),Density A (kg/m3),Density B (kg/m3),Density C (kg/m3)
90.0,80.0,449.0,450.0,NaN
80.0,70.0,478.0,478.0,NaN
70.0,60.0,483.0,476.0,NaN
60.0,50.0,387.0,402.0,NaN
50.0,40.0,360.0,356.0,NaN
40.0,30.0,375.0,332.0,353.0
30.0,20.0,355.0,388.0,365.0
20.0,10.0,358.0,373.0,NaN
10.0,0.0,351.0,417.0,358.0
