# Location,Mammoth Lakes
# Site,CUES Study Plot
# PitID,CAMLCP
# Date/Local Time,2020-01-22T10:00
# UTM Zone,11N
# Easting,320985
# Northing,4168170
# Latitude,37.64325
# Longitude,-119.02906
"# Top
(cm)","Bottom
(cm)",Avg Density (kg/m3),Permittivity A,Permittivity B,LWC-vol A (%),LWC-vol B (%)
59.0,49.0,319.5,1.654,1.589,0.870785862297927,0.5371751794044041
49.0,39.0,325.0,1.531,1.572,0.1876606958064864,0.3982962363318999
39.0,29.0,369.0,1.665,1.658,0.45216110819058086,0.4160436214507303
29.0,19.0,392.5,1.718,1.77,0.49028123900501175,0.7591713914076796
19.0,9.0,414.5,1.79,1.787,0.6370384779820731,0.6214908947740871
