# Location,Boise River Basin
# Site,Bogus Upper
# PitID,IDBRBU
# Date/Local Time,2020-03-11T15:00
# UTM Zone,11N
# Easting,573240
# Northing,4845491
# Latitude,43.75884
# Longitude,-116.09017
"# Top
(cm)","Bottom
(cm)",Avg Density (kg/m3),Permittivity A,Permittivity B,LWC-vol A (%),LWC-vol B (%)
112.0,102.0,319.0,1.817,1.898,1.7114898934635918,2.1266903144998937
102.0,92.0,391.0,1.569,1.589,0.0,0.0
92.0,82.0,383.6666666666667,1.671,2.074,0.336664434926987,2.4171054649031447
82.0,72.0,346.0,1.492,1.609,0.0,0.3883657581624685
72.0,62.0,364.5,1.696,1.609,0.6564351875644335,0.20775026361168963
62.0,52.0,376.0,1.606,1.64,0.07787008459181331,0.25347031824353705
52.0,42.0,379.0,1.598,1.593,0.006422220509409826,0.0
42.0,32.0,394.5,1.843,1.64,1.1163333746144877,0.06637857754528398
32.0,22.0,375.0,1.663,1.56,0.38222077612036764,0.0
22.0,12.0,364.5,1.605,1.601,0.18711616480773208,0.16648163441574268
12.0,2.0,NaN,1.564,1.603,NaN,NaN
