# Location,Mammoth Lakes
# Site,Panorama Dome
# PitID,CAMLPD
# Date/Local Time,2020-01-24T09:45
# UTM Zone,11N
# Easting,323468
# Northing,4165496
# Latitude,37.61964
# Longitude,-119.00028
"# Top
(cm)","Bottom
(cm)",Avg Density (kg/m3),Permittivity A,Permittivity B,LWC-vol A (%),LWC-vol B (%)
114.0,104.0,377.0,1.48,1.476,0.0,0.0
104.0,94.0,371.0,1.573,1.474,0.0,0.0
94.0,84.0,379.5,1.545,1.573,0.0,0.0
84.0,74.0,410.0,1.638,1.645,0.0,0.0
74.0,64.0,427.0,1.58,1.631,0.0,0.0
64.0,54.0,430.0,1.658,1.644,0.0,0.0
54.0,44.0,437.5,1.648,1.683,0.0,0.0
44.0,34.0,427.5,1.675,1.722,0.0,0.14795883639687632
34.0,24.0,417.5,1.659,1.631,0.0,0.0
24.0,14.0,NaN,1.527,1.625,NaN,NaN
