# Location,Jemez River
# Site,HQ Met Station
# PitID,NMJRHQ
# Date/Local Time,2020-01-29T10:26
# UTM Zone,13N
# Easting,362632
# Northing,3969260
# Latitude,35.85793
# Longitude,-106.52137
"# Top
(cm)","Bottom
(cm)",Avg Density (kg/m3),Permittivity A,Permittivity B,LWC-vol A (%),LWC-vol B (%)
69.0,59.0,264.0,1.341,1.239,0.0,0.0
59.0,49.0,236.5,1.197,1.204,0.0,0.0
49.0,39.0,263.0,1.271,1.228,0.0,0.0
39.0,29.0,277.0,1.312,1.333,0.0,0.0
29.0,19.0,289.5,1.34,1.25,0.0,0.0
19.0,9.0,268.5,1.489,1.393,0.4873378365638849,0.0
14.0,4.0,300.0,1.359,1.294,0.0,0.0
