# Location,Grand Mesa
# Site,Skyway Open
# PitID,COGMSO
# Date/Local Time,2020-03-12T16:20
# UTM Zone,12N
# Easting,754270
# Northing,4325785
# Latitude,39.04415
# Longitude,-108.06202
"# Top
(cm)","Bottom
(cm)",Avg Density (kg/m3),Permittivity A,Permittivity B,LWC-vol A (%),LWC-vol B (%)
103.0,93.0,148.0,1.185,1.177,0.0,0.0
93.0,83.0,245.5,1.328,1.377,0.0,0.11553179485328999
83.0,73.0,264.5,1.371,1.312,0.0,0.0
73.0,63.0,282.0,1.402,1.483,0.0,0.33695194751599383
63.0,53.0,284.5,1.427,1.408,0.027978543853074567,0.0
53.0,43.0,258.0,1.391,1.405,0.07886838428015862,0.15032214906367514
43.0,33.0,269.0,1.357,1.366,0.0,0.0
33.0,23.0,271.5,1.392,1.508,0.0,0.5579921358094195
23.0,13.0,301.0,1.489,1.403,0.19549288808348542,0.0
13.0,3.0,267.0,1.459,1.456,0.3472975606297564,0.3319756640782481
