# Location,Mammoth Lakes
# Site,Panorama Dome
# PitID,CAMLPD
# Date/Local Time,2020-02-19T10:15
# UTM Zone,11N
# Easting,323468
# Northing,4165496
# Latitude,37.61964
# Longitude,-119.00028
"# Top
(cm)","Bottom
(cm)",Avg Density (kg/m3),Permittivity A,Permittivity B,LWC-vol A (%),LWC-vol B (%)
96.0,86.0,NaN,1.65,1.688,NaN,NaN
90.0,80.0,408.5,1.66,1.627,0.025641386612017914,0.0
80.0,70.0,436.0,1.807,1.63,0.4991384322345189,0.0
70.0,60.0,409.0,1.689,1.692,0.17073613358008513,0.18628214340688384
60.0,50.0,405.5,1.694,1.678,0.23288381339231762,0.1500023956485146
50.0,40.0,400.0,1.656,1.711,0.09278893061384134,0.3775217044834381
40.0,30.0,414.0,1.781,1.647,0.5955899151127308,0.0
30.0,20.0,414.0,1.723,1.651,0.29496229449597905,0.0
20.0,10.0,430.5,1.696,1.73,0.0,0.15768358845290872
10.0,0.0,NaN,1.77,1.672,NaN,NaN
