# Location,Jemez River
# Site,HQ Met Station
# PitID,NMJRHQ
# Date/Local Time,2020-02-26T11:57
# UTM Zone,13N
# Easting,362632
# Northing,3969260
# Latitude,35.85793
# Longitude,-106.52137
"# Top
(cm)","Bottom
(cm)",Avg Density (kg/m3),Permittivity A,Permittivity B,LWC-vol A (%),LWC-vol B (%)
66.0,56.0,334.5,1.355,1.312,0.0,0.0
56.0,46.0,277.6666666666667,1.204,1.219,0.0,0.0
46.0,36.0,305.0,1.222,1.178,0.0,0.0
36.0,26.0,298.3333333333333,1.281,1.231,0.0,0.0
26.0,16.0,318.0,1.238,1.277,0.0,0.0
16.0,6.0,317.6666666666667,1.508,1.484,0.13847586458264632,0.015241378464171014
