# Location,Mammoth Lakes
# Site,Panorama Dome
# PitID,CAMLPD
# Date/Local Time,2020-02-05T10:00
# UTM Zone,11N
# Easting,323468
# Northing,4165496
# Latitude,37.61964
# Longitude,-119.00028
"# Top
(cm)","Bottom
(cm)",Avg Density (kg/m3),Permittivity A,Permittivity B,LWC-vol A (%),LWC-vol B (%)
107.0,97.0,365.0,1.581,1.614,0.05835492231704462,0.22860417886259127
97.0,87.0,363.0,1.553,1.575,0.0,0.04717622360608511
87.0,77.0,410.0,1.62,1.626,0.0,0.0
77.0,67.0,409.0,1.768,1.721,0.580032348725616,0.33654755432663247
67.0,57.0,402.0,1.65,1.624,0.041118611821702976,0.0
57.0,47.0,402.0,1.649,1.681,0.035939562577655515,0.20165560263263274
47.0,37.0,426.5,1.732,1.767,0.21045410412655008,0.3921252893072858
37.0,27.0,417.0,1.752,1.777,0.41402075817247325,0.5436368110090104
27.0,17.0,425.3333333333333,1.709,1.751,0.10339183281354361,0.3213910742019684
17.0,7.0,418.0,1.605,1.751,0.0,0.39838803283886975
