# Location,CB
# Site,Upper
# PitID,1
# Date/Local Time,2020-05-12T09:00
# UTM Zone,13N
# Easting,327514
# Northing,4311256
# Latitude,38.93329
# Longitude,-106.98999
# Top (cm),Bottom (cm),Density A (kg/m3),Density B (kg/m3),Density C (kg/m3)
90.0,80.0,232.0,259.0,NaN
80.0,70.0,422.0,377.0,449.0
70.0,60.0,398.0,418.0,NaN
60.0,50.0,414.0,380.0,401.0
50.0,40.0,375.0,360.0,NaN
40.0,30.0,403.0,380.0,NaN
30.0,20.0,393.0,390.0,NaN
20.0,10.0,413.0,393.0,NaN
10.0,0.0,350.0,331.0,NaN
