# Location,American
# Site,Caples Lake
# PitID,CAAMCL
# Date/Local Time,2020-03-13T11:30
# UTM Zone,10N
# Easting,757217
# Northing,4288782
# Latitude,38.71029
# Longitude,-120.04186
"# Top
(cm)","Bottom
(cm)",Avg Density (kg/m3),Permittivity A,Permittivity B,LWC-vol A (%),LWC-vol B (%)
92.0,82.0,377.0,1.65,1.707,0.295111911612118,0.5894477918899399
82.0,72.0,384.0,1.507,1.57,0.0,0.0
72.0,62.0,411.5,1.646,1.664,0.0,0.015155555594312866
62.0,52.0,414.0,2.179,2.118,2.6560401392681556,2.340522509342171
52.0,42.0,457.5,2.476,2.285,3.7448269708909625,2.753266497704764
42.0,32.0,462.0,2.015,2.391,1.3011759194442298,3.2559808109093744
32.0,22.0,474.3333333333333,2.266,2.339,2.4736075404574094,2.8534601427883577
22.0,12.0,484.0,2.207,2.36,2.060627370062893,2.85771125573754
16.0,6.0,486.5,2.364,2.446,2.8512021501628055,3.2782420698071926
