# Location,NW
# Site,FN
# PitID,3
# Date/Local Time,2020-05-13T10:24
# UTM Zone,13N
# Easting,452726
# Northing,4431635
# Latitude,40.03361
# Longitude,-105.55409
# Top (cm),Bottom (cm),Density A (kg/m3),Density B (kg/m3),Density C (kg/m3)
97.0,87.0,382.0,415.0,343.0
87.0,77.0,433.0,419.0,NaN
77.0,67.0,393.0,399.0,NaN
67.0,57.0,409.0,424.0,NaN
57.0,47.0,450.0,342.0,384.0
47.0,37.0,368.0,363.0,NaN
37.0,27.0,328.0,327.0,NaN
27.0,17.0,352.0,369.0,NaN
