# Location,Sagehen
# Site,Forest
# PitID,CASHFO
# Date/Local Time,2020-02-26T10:00
# UTM Zone,10N
# Easting,737378
# Northing,4368076
# Latitude,39.42955
# Longitude,-120.24211
"# Top
(cm)","Bottom
(cm)",Avg Density (kg/m3),Permittivity A,Permittivity B,LWC-vol A (%),LWC-vol B (%)
39.0,29.0,410.0,1.754,1.651,0.4971646378291006,0.0
29.0,19.0,383.3333333333333,1.562,1.664,0.0,0.30384810016863406
19.0,9.0,330.0,1.654,1.676,0.7724316520739526,0.8854515081724832
9.0,0.0,NaN,1.739,1.807,NaN,NaN
