# Location,East River
# Site,Irwin Barn
# PitID,COERIB
# Date/Local Time,2020-04-08T11:42
# UTM Zone,13N
# Easting,317172
# Northing,4306473
# Latitude,38.88812
# Longitude,-107.10796
# Depth (cm),Temperature (deg C)
197.0,-0.8
190.0,-0.7
180.0,-2.4
170.0,-1.3
160.0,-0.7
150.0,-0.8
140.0,-1.1
130.0,-1.2
120.0,-1.3
110.0,-1.2
100.0,-1.2
90.0,-1.1
80.0,-1.1
70.0,-1.0
60.0,-0.8
50.0,-0.7
40.0,-0.6
30.0,-0.5
20.0,-0.3
10.0,-0.2
0.0,-0.1
