# Location,CB
# Site,F14
# PitID,3
# Date/Local Time,2020-02-26T10:40
# UTM Zone,13N
# Easting,328559
# Northing,4310733
# Latitude,38.92878
# Longitude,-106.97781
# Top (cm),Bottom (cm),Density A (kg/m3),Density B (kg/m3),Density C (kg/m3)
81.0,71.0,134.0,139.0,NaN
71.0,61.0,255.0,210.0,225.0
61.0,51.0,205.0,236.0,251.0
51.0,41.0,318.0,311.0,NaN
41.0,31.0,308.0,303.0,NaN
31.0,21.0,318.0,303.0,NaN
21.0,11.0,310.0,348.0,328.0
