# Location,East River
# Site,Irwin Barn
# PitID,COERIB
# Date/Local Time,2020-02-19T11:30
# UTM Zone,13N
# Easting,317172
# Northing,4306473
# Latitude,38.88812
# Longitude,-107.10796
# Depth (cm),Temperature (deg C)
197.0,-5.8
190.0,-7.2
180.0,-7.5
170.0,-6.5
160.0,-5.8
150.0,-5.2
140.0,-4.7
130.0,-4.4
120.0,-4.0
110.0,-3.5
100.0,-3.2
90.0,-2.8
80.0,-2.4
70.0,-2.0
60.0,-1.7
50.0,-1.3
40.0,-1.0
30.0,-0.7
20.0,-0.5
10.0,-0.1
0.0,0.0
