# Location,Boise River Basin
# Site,Banner Open
# PitID,IDBRBO
# Date/Local Time,2020-03-12T13:15
# UTM Zone,11N
# Easting,640699
# Northing,4907213
# Latitude,44.30455
# Longitude,-115.23604
"# Top
(cm)","Bottom
(cm)",Avg Density (kg/m3),Permittivity A,Permittivity B,LWC-vol A (%),LWC-vol B (%)
118.0,108.0,204.5,1.205,1.219,0.0,0.0
108.0,98.0,271.0,1.293,1.307,0.0,0.0
98.0,88.0,265.0,1.353,1.392,0.0,0.022673325035938746
88.0,78.0,313.5,1.394,1.408,0.0,0.0
78.0,68.0,312.0,1.409,1.419,0.0,0.0
68.0,58.0,347.0,1.49,1.442,0.0,0.0
58.0,48.0,374.5,1.426,1.437,0.0,0.0
48.0,38.0,394.0,1.56,1.547,0.0,0.0
38.0,28.0,381.5,1.587,1.542,0.0,0.0
28.0,18.0,352.5,1.503,1.511,0.0,0.0
18.0,8.0,348.0,1.536,1.551,0.0,0.07035296960947394
