# Location,Grand Mesa
# Site,County Line Open
# PitID,COGMCO
# Date/Local Time,2020-03-04T09:21
# UTM Zone,12N
# Easting,756903
# Northing,4324357
# Latitude,39.03053
# Longitude,-108.03217
"# Top
(cm)","Bottom
(cm)",Avg Density (kg/m3),Permittivity A,Permittivity B,LWC-vol A (%),LWC-vol B (%)
101.0,91.0,159.5,1.23,1.227,0.0670869588646423,0.05192443842065648
91.0,81.0,223.5,1.272,1.285,0.0,0.0
81.0,71.0,276.0,1.375,1.366,0.0,0.0
71.0,61.0,282.5,1.364,1.403,0.0,0.0
61.0,51.0,305.5,1.439,1.453,0.0,0.0
51.0,41.0,300.5,1.388,1.49,0.0,0.20520378451106525
41.0,31.0,287.0,1.425,1.434,0.0,0.04124692358673292
31.0,21.0,304.5,1.417,1.402,0.0,0.0
21.0,11.0,304.0,1.445,1.459,0.0,0.014087145329853657
11.0,1.0,285.0,1.324,1.359,0.0,0.0
