# Location,Sagehen
# Site,Tower 4
# PitID,CASHT4
# Date/Local Time,2020-03-04T10:58
# UTM Zone,10N
# Easting,732507
# Northing,4367108
# Latitude,39.42216
# Longitude,-120.29898
"# Top
(cm)","Bottom
(cm)",Avg Density (kg/m3),Permittivity A,Permittivity B,LWC-vol A (%),LWC-vol B (%)
91.0,81.0,514.0,1.623,1.782,0.0,0.0
81.0,71.0,435.0,1.632,1.675,0.0,0.0
71.0,61.0,431.0,1.855,1.617,0.8013783738637235,0.0
61.0,51.0,429.0,2.15,2.07,2.3520761584448726,1.9375014332373066
51.0,41.0,468.5,2.109,2.048,1.719818341015421,1.402238771376187
41.0,31.0,448.0,2.019,2.205,1.472617978652273,2.4385594817604455
31.0,21.0,453.0,1.738,1.769,0.0,0.11855827183536234
21.0,11.0,482.0,1.702,1.772,0.0,0.0
11.0,1.0,411.0,1.701,2.045,0.21215129262058713,1.9934468940660155
