# Location,Sagehen
# Site,Forest
# PitID,CASHFO
# Date/Local Time,2020-02-12T09:19
# UTM Zone,10N
# Easting,737378
# Northing,4368076
# Latitude,39.42955
# Longitude,-120.24211
"# Top
(cm)","Bottom
(cm)",Avg Density (kg/m3),Permittivity A,Permittivity B,LWC-vol A (%),LWC-vol B (%)
42.0,32.0,360.0,1.623,1.517,0.32424820943560473,0.0
32.0,22.0,335.0,1.458,1.574,0.0,0.31381045857711276
22.0,12.0,326.5,1.604,1.438,0.5485523694855907,0.0
12.0,2.0,330.6666666666667,1.501,1.433,0.0,0.0
