# Location,NW
# Site,OF
# PitID,2
# Date/Local Time,2020-04-22T11:55
# UTM Zone,13N
# Easting,452917
# Northing,4431863
# Latitude,40.03568
# Longitude,-105.55187
# Top (cm),Bottom (cm),Density A (kg/m3),Density B (kg/m3),Density C (kg/m3)
103.0,93.0,271.0,278.0,NaN
93.0,83.0,353.0,325.0,NaN
83.0,73.0,351.0,362.0,NaN
73.0,63.0,440.0,417.0,NaN
63.0,53.0,416.0,429.0,NaN
53.0,43.0,314.0,346.0,321.0
43.0,33.0,339.0,399.0,382.0
33.0,23.0,280.0,375.0,305.0
23.0,13.0,NaN,NaN,NaN
