# Location,Little Cottonwood
# Site,Atwater
# PitID,UTLCAW
# Date/Local Time,2020-03-05T12:30
# UTM Zone,12N
# Easting,446048
# Northing,4493579
# Latitude,40.59125
# Longitude,-111.63759
# Depth (cm),Temperature (deg C)
250.0,0.0
240.0,0.0
230.0,-1.1
220.0,-2.7
210.0,-1.7
200.0,-0.8
190.0,-0.3
180.0,-0.1
170.0,0.0
160.0,0.0
150.0,0.0
140.0,0.0
130.0,0.0
120.0,0.0
110.0,0.0
100.0,0.0
90.0,0.0
80.0,0.0
70.0,0.0
60.0,0.0
50.0,0.0
40.0,0.0
30.0,0.0
20.0,0.0
10.0,0.0
0.0,0.0
