# Location,East River
# Site,Irwin Barn
# PitID,COERIB
# Date/Local Time,2020-03-12T10:38
# UTM Zone,13N
# Easting,317172
# Northing,4306473
# Latitude,38.88812
# Longitude,-107.10796
# Depth (cm),Temperature (deg C)
207.0,-1.5
197.0,-1.8
187.0,-1.9
177.0,-2.1
167.0,-2.3
157.0,-2.5
147.0,-2.5
137.0,-2.5
127.0,-2.4
117.0,-2.2
107.0,-2.1
97.0,-1.9
87.0,-1.7
77.0,-1.5
67.0,-1.2
57.0,-1.0
47.0,-0.8
37.0,-0.6
27.0,-0.4
17.0,-0.2
7.0,0.0
0.0,0.0
