# Location,Sagehen
# Site,Open
# PitID,CASHOP
# Date/Local Time,2020-01-29T10:57
# UTM Zone,10N
# Easting,737572
# Northing,4368173
# Latitude,39.43037
# Longitude,-120.23982
"# Top
(cm)","Bottom
(cm)",Avg Density (kg/m3),Permittivity A,Permittivity B,LWC-vol A (%),LWC-vol B (%)
50.0,40.0,342.5,1.618,1.535,0.46837880522233527,0.041198936396917935
40.0,30.0,397.3333333333333,1.597,1.636,0.0,0.016645370658057122
30.0,20.0,378.5,1.462,1.489,0.0,0.0
20.0,10.0,402.5,1.779,1.817,0.7038660930659711,0.900527146257863
10.0,0.0,420.3333333333333,1.731,1.767,0.27021698589463544,0.45694944679717503
