# Location,Mammoth Lakes
# Site,Panorama Dome
# PitID,CAMLPD
# Date/Local Time,2020-02-12T10:29
# UTM Zone,11N
# Easting,323468
# Northing,4165496
# Latitude,37.61964
# Longitude,-119.00028
"# Top
(cm)","Bottom
(cm)",Avg Density (kg/m3),Permittivity A,Permittivity B,LWC-vol A (%),LWC-vol B (%)
100.0,90.0,397.5,1.726,1.632,0.48073631031963693,0.0
90.0,80.0,377.0,1.648,1.547,0.28478274033646506,0.0
80.0,70.0,410.0,1.533,1.752,0.0,0.4868028831361804
70.0,60.0,388.5,1.624,1.75,0.044772161902939846,0.6962171357480671
60.0,50.0,408.5,1.603,1.671,0.0,0.08264773807936847
50.0,40.0,402.0,1.632,1.677,0.0,0.18094262564084226
40.0,30.0,431.0,1.56,1.544,0.0,0.0
30.0,20.0,425.0,1.67,1.738,0.0,0.25743722797467816
20.0,10.0,398.5,1.509,1.662,0.0,0.13926441464263875
10.0,0.0,NaN,1.542,1.505,NaN,NaN
