# Location,Grand Mesa
# Site,County Line Tree
# PitID,COGMCT
# Date/Local Time,2019-12-19T14:20
# UTM Zone,12N
# Easting,756712
# Northing,4324540
# Latitude,39.03224
# Longitude,-108.03431
"# Top
(cm)","Bottom
(cm)",Avg Density (kg/m3),Permittivity A,Permittivity B,LWC-vol A (%),LWC-vol B (%)
52.0,42.0,207.0,1.284,1.279,0.0,0.0
42.0,32.0,247.5,1.345,1.329,0.0,0.0
32.0,22.0,290.0,1.392,1.422,0.0,0.0
22.0,12.0,301.3333333333333,1.478,1.471,0.13604956237450844,0.10016681542840346
12.0,2.0,281.0,1.452,1.402,0.1873354403025626,0.0
